Nose X,Nose Y,Nose Z,Left Shoulder X,Left Shoulder Y,Left Shoulder Z,Right Shoulder Z,Left Eye X,Left Eye Y,Left Eye Z,Right Eye X,Right Eye Y,Right Eye Z,Left Lip X,Left Lip Y,Left Lip Z,Right Lip X,Right Lip Y,Right Lip Z,Label
208.8985825,-187.5267506,-547.1232176,375.7245255,7.058458328,-148.510716,-251.8412089,246.7452621,-222.718792,-514.7807121,158.3652115,-224.5335317,-525.20751,231.5250015,-141.7043638,-467.2505093,165.6877518,-143.8341236,-479.2305851,bad
304.1433334,-128.2417345,-896.0048389,419.1930771,65.46941757,-378.7681675,-453.0741119,246.7452621,-222.718792,-514.7807121,158.3652115,-224.5335317,-525.20751,231.5250015,-141.7043638,-467.2505093,165.6877518,-143.8341236,-479.2305851,bad
92.7684021,-224.1630006,-606.1578655,338.9043808,-150.7400608,-141.0491538,-391.6174936,246.7452621,-222.718792,-514.7807121,158.3652115,-224.5335317,-525.20751,231.5250015,-141.7043638,-467.2505093,165.6877518,-143.8341236,-479.2305851,bad
277.2114944,-48.4815073,-563.3353901,343.0649185,87.42516518,-86.14668489,-231.3921762,246.7452621,-222.718792,-514.7807121,158.3652115,-224.5335317,-525.20751,231.5250015,-141.7043638,-467.2505093,165.6877518,-143.8341236,-479.2305851,bad
258.5749817,-130.2416325,-478.2040071,354.8323059,53.77914906,-107.0942652,-202.5898647,246.7452621,-222.718792,-514.7807121,158.3652115,-224.5335317,-525.20751,231.5250015,-141.7043638,-467.2505093,165.6877518,-143.8341236,-479.2305851,bad
48.21540833,-251.1303592,-643.5821056,293.5831451,-173.1567407,-110.4268026,-304.0544629,246.7452621,-222.718792,-514.7807121,158.3652115,-224.5335317,-525.20751,231.5250015,-141.7043638,-467.2505093,165.6877518,-143.8341236,-479.2305851,bad
61.96960449,-212.4956703,-394.2348576,337.9833221,-138.6259174,-123.6814642,-103.7726498,127.8836823,-250.6099248,-373.3976126,63.41438293,-233.5877252,-366.387434,115.8078003,-180.328517,-333.4967494,70.70907593,-164.1369224,-322.5683141,bad
184.2031479,-122.9418612,-486.0802603,304.9522018,35.29490948,-119.499321,-183.8519526,127.8836823,-250.6099248,-373.3976126,63.41438293,-233.5877252,-366.387434,115.8078003,-180.328517,-333.4967494,70.70907593,-164.1369224,-322.5683141,bad
15.5197525,-266.6370785,-398.9185095,257.0805359,-191.1207819,-125.5424988,-117.5455892,127.8836823,-250.6099248,-373.3976126,63.41438293,-233.5877252,-366.387434,115.8078003,-180.328517,-333.4967494,70.70907593,-164.1369224,-322.5683141,bad
59.62146759,-271.6575408,-317.6430058,288.3173752,-139.518621,-128.369354,-56.96231425,127.8836823,-250.6099248,-373.3976126,63.41438293,-233.5877252,-366.387434,115.8078003,-180.328517,-333.4967494,70.70907593,-164.1369224,-322.5683141,bad
225.6317139,-170.0216246,-383.6718464,359.7071075,32.17075825,-87.27981091,-127.6969671,127.8836823,-250.6099248,-373.3976126,63.41438293,-233.5877252,-366.387434,115.8078003,-180.328517,-333.4967494,70.70907593,-164.1369224,-322.5683141,bad
202.8587723,-170.7693172,-373.343668,346.5375137,31.89863205,-78.68908703,-148.3399773,127.8836823,-250.6099248,-373.3976126,63.41438293,-233.5877252,-366.387434,115.8078003,-180.328517,-333.4967494,70.70907593,-164.1369224,-322.5683141,bad
155.7000732,-163.4122109,-377.8988314,309.7025299,28.63358974,1.734066065,-118.4837508,189.5631409,-192.2320104,-343.1486893,119.7161102,-197.2276998,-350.5014181,178.9021301,-120.9508896,-299.2879415,126.6745758,-123.4155178,-308.5708308,bad
124.0616226,-241.7816806,-402.1866417,328.9332199,-78.60516071,-92.09882855,-106.0598552,189.5631409,-192.2320104,-343.1486893,119.7161102,-197.2276998,-350.5014181,178.9021301,-120.9508896,-299.2879415,126.6745758,-123.4155178,-308.5708308,bad
53.95828247,-235.93557,-381.5800667,299.4864655,-144.462018,-121.5043688,-109.1319287,189.5631409,-192.2320104,-343.1486893,119.7161102,-197.2276998,-350.5014181,178.9021301,-120.9508896,-299.2879415,126.6745758,-123.4155178,-308.5708308,bad
66.66339874,-253.1098402,-276.6655898,302.3368454,-144.7752142,-104.872731,-75.03961444,189.5631409,-192.2320104,-343.1486893,119.7161102,-197.2276998,-350.5014181,178.9021301,-120.9508896,-299.2879415,126.6745758,-123.4155178,-308.5708308,bad
75.76774597,-211.0095549,-287.1054125,307.0999146,-54.4636488,-59.23674166,-76.26255691,189.5631409,-192.2320104,-343.1486893,119.7161102,-197.2276998,-350.5014181,178.9021301,-120.9508896,-299.2879415,126.6745758,-123.4155178,-308.5708308,bad
57.91984558,-245.8527589,-298.0553055,270.6006622,-148.6931062,-72.88893342,-87.32322514,189.5631409,-192.2320104,-343.1486893,119.7161102,-197.2276998,-350.5014181,178.9021301,-120.9508896,-299.2879415,126.6745758,-123.4155178,-308.5708308,bad
183.4407806,-229.9669039,-371.5334988,381.0422516,7.628588676,-86.93767905,-162.0087504,225.470314,-273.5113227,-330.7877398,126.7139816,-275.6288302,-348.4407306,219.3894577,-182.9585838,-305.3090715,150.5595016,-168.0515528,-327.6785231,bad
261.4271927,-91.79523468,-415.9294224,297.2555923,111.2977695,-51.98204219,-233.9746714,225.470314,-273.5113227,-330.7877398,126.7139816,-275.6288302,-348.4407306,219.3894577,-182.9585838,-305.3090715,150.5595016,-168.0515528,-327.6785231,bad
268.012619,-187.20186,-404.7775698,360.2800751,26.40671253,-139.7467804,-206.3434982,225.470314,-273.5113227,-330.7877398,126.7139816,-275.6288302,-348.4407306,219.3894577,-182.9585838,-305.3090715,150.5595016,-168.0515528,-327.6785231,bad
60.67691803,-319.7727656,-548.9019728,345.4133987,-192.3376036,-303.0608439,-196.5071726,225.470314,-273.5113227,-330.7877398,126.7139816,-275.6288302,-348.4407306,219.3894577,-182.9585838,-305.3090715,150.5595016,-168.0515528,-327.6785231,bad
99.98855591,-279.7695923,-503.8142538,344.1374969,-126.2587881,-208.2804823,-196.0551667,225.470314,-273.5113227,-330.7877398,126.7139816,-275.6288302,-348.4407306,219.3894577,-182.9585838,-305.3090715,150.5595016,-168.0515528,-327.6785231,bad
220.6451416,-206.7712998,-456.7520428,327.3884583,43.43127251,-82.07244694,-224.9287391,225.470314,-273.5113227,-330.7877398,126.7139816,-275.6288302,-348.4407306,219.3894577,-182.9585838,-305.3090715,150.5595016,-168.0515528,-327.6785231,bad
195.61409,-222.6191211,-409.0121984,368.7355804,26.55910492,-88.22425961,-187.0277309,238.9376068,-256.4146435,-372.9068756,151.8398666,-269.5897615,-389.0351486,223.2849884,-170.8979988,-342.1230769,163.6023331,-175.5377483,-363.9077854,bad
185.0060272,-227.6666951,-411.2342262,432.1913528,20.13635159,-170.3792381,-185.130229,238.9376068,-256.4146435,-372.9068756,151.8398666,-269.5897615,-389.0351486,223.2849884,-170.8979988,-342.1230769,163.6023331,-175.5377483,-363.9077854,bad
35.84495544,-239.0256143,-471.2125826,278.337326,-122.2634983,-157.8494704,-200.6373239,238.9376068,-256.4146435,-372.9068756,151.8398666,-269.5897615,-389.0351486,223.2849884,-170.8979988,-342.1230769,163.6023331,-175.5377483,-363.9077854,bad
92.6599884,-230.7828212,-358.8763475,318.338356,-96.3646245,-115.1629615,-155.3747678,238.9376068,-256.4146435,-372.9068756,151.8398666,-269.5897615,-389.0351486,223.2849884,-170.8979988,-342.1230769,163.6023331,-175.5377483,-363.9077854,bad
-6.215305328,-242.7475119,-500.9465218,310.8898163,-197.7285433,-178.3432961,-191.4714217,238.9376068,-256.4146435,-372.9068756,151.8398666,-269.5897615,-389.0351486,223.2849884,-170.8979988,-342.1230769,163.6023331,-175.5377483,-363.9077854,bad
53.11397552,-281.291483,-366.877656,326.9106674,-166.204133,-167.8768444,-122.2342515,238.9376068,-256.4146435,-372.9068756,151.8398666,-269.5897615,-389.0351486,223.2849884,-170.8979988,-342.1230769,163.6023331,-175.5377483,-363.9077854,bad
240.2749634,-240.2551603,-434.2105007,438.9871216,-28.56621265,-134.345144,-240.3585434,278.2562256,-284.2705321,-392.8423405,195.140686,-273.6307454,-416.0616016,268.3054352,-192.2072268,-357.6025772,209.1959763,-188.1037045,-388.7070179,bad
224.2354584,-222.5296855,-479.8792076,410.5630493,-35.1168108,-122.8562558,-229.8039222,278.2562256,-284.2705321,-392.8423405,195.140686,-273.6307454,-416.0616016,268.3054352,-192.2072268,-357.6025772,209.1959763,-188.1037045,-388.7070179,bad
316.8067932,-141.2958527,-399.7764301,388.2830048,86.85791016,-41.89324558,-212.2857714,278.2562256,-284.2705321,-392.8423405,195.140686,-273.6307454,-416.0616016,268.3054352,-192.2072268,-357.6025772,209.1959763,-188.1037045,-388.7070179,bad
318.6328506,-171.8824768,-626.5261745,467.1622086,53.3591795,-177.4258304,-290.241065,278.2562256,-284.2705321,-392.8423405,195.140686,-273.6307454,-416.0616016,268.3054352,-192.2072268,-357.6025772,209.1959763,-188.1037045,-388.7070179,bad
257.3912811,-196.6045046,-545.7821989,445.8682251,37.75447369,-142.2370934,-240.3442097,278.2562256,-284.2705321,-392.8423405,195.140686,-273.6307454,-416.0616016,268.3054352,-192.2072268,-357.6025772,209.1959763,-188.1037045,-388.7070179,bad
233.9318848,-317.2172642,-747.6249504,429.1433716,-113.4502745,-328.5903025,-328.3336687,278.2562256,-284.2705321,-392.8423405,195.140686,-273.6307454,-416.0616016,268.3054352,-192.2072268,-357.6025772,209.1959763,-188.1037045,-388.7070179,bad
232.5126266,-259.4521809,-612.4121761,448.6986923,-45.42709351,-278.2167864,-274.2677808,277.302742,-322.598269,-576.7560482,174.5301437,-311.6124773,-585.3416061,263.1242752,-203.5987616,-536.1545277,201.9413376,-199.3923497,-554.9783993,bad
377.1997452,-38.8189888,-772.8341961,411.5254593,184.3036795,-158.2998884,-392.6223135,277.302742,-322.598269,-576.7560482,174.5301437,-311.6124773,-585.3416061,263.1242752,-203.5987616,-536.1545277,201.9413376,-199.3923497,-554.9783993,bad
325.2784729,-90.76037407,-505.633564,419.6907806,155.2903748,-56.54004872,-335.2672005,277.302742,-322.598269,-576.7560482,174.5301437,-311.6124773,-585.3416061,263.1242752,-203.5987616,-536.1545277,201.9413376,-199.3923497,-554.9783993,bad
248.4178162,-176.599474,-515.6234837,411.8875122,21.65847301,-163.4001088,-226.1845922,277.302742,-322.598269,-576.7560482,174.5301437,-311.6124773,-585.3416061,263.1242752,-203.5987616,-536.1545277,201.9413376,-199.3923497,-554.9783993,bad
99.74925995,-258.4424901,-522.6245213,427.1350861,-171.0077548,-159.9384177,-222.9105806,277.302742,-322.598269,-576.7560482,174.5301437,-311.6124773,-585.3416061,263.1242752,-203.5987616,-536.1545277,201.9413376,-199.3923497,-554.9783993,bad
208.6587143,-137.9430914,-555.0670624,412.2426987,61.16925716,-33.82782161,-222.9971838,277.302742,-322.598269,-576.7560482,174.5301437,-311.6124773,-585.3416061,263.1242752,-203.5987616,-536.1545277,201.9413376,-199.3923497,-554.9783993,bad
201.6268539,-167.0311117,-500.0089073,413.9369965,11.18506908,-65.78786552,-150.2166331,246.4323425,-215.1489973,-475.1373196,162.7701569,-209.2953014,-472.62012,229.2300415,-116.0802984,-412.0856237,166.2010574,-113.8809085,-407.7181721,bad
324.7696686,-2.363862991,-578.4755802,395.6819916,223.1433105,-82.90782094,-249.3780184,246.4323425,-215.1489973,-475.1373196,162.7701569,-209.2953014,-472.62012,229.2300415,-116.0802984,-412.0856237,166.2010574,-113.8809085,-407.7181721,bad
30.34446716,-185.6223607,-384.5496798,291.1356354,-123.2708931,-122.5226855,-21.3351059,246.4323425,-215.1489973,-475.1373196,162.7701569,-209.2953014,-472.62012,229.2300415,-116.0802984,-412.0856237,166.2010574,-113.8809085,-407.7181721,bad
2.852478027,-251.7880583,-432.1368313,283.6891747,-204.3396199,-234.8496079,-75.99918008,246.4323425,-215.1489973,-475.1373196,162.7701569,-209.2953014,-472.62012,229.2300415,-116.0802984,-412.0856237,166.2010574,-113.8809085,-407.7181721,bad
251.6211319,-201.0913682,-396.9899368,411.4445114,-80.07664204,-66.39576674,-87.46080101,246.4323425,-215.1489973,-475.1373196,162.7701569,-209.2953014,-472.62012,229.2300415,-116.0802984,-412.0856237,166.2010574,-113.8809085,-407.7181721,bad
22.50810623,-267.9901671,-337.4659681,283.6037636,-192.6435792,-84.92091537,-42.66080528,246.4323425,-215.1489973,-475.1373196,162.7701569,-209.2953014,-472.62012,229.2300415,-116.0802984,-412.0856237,166.2010574,-113.8809085,-407.7181721,bad
185.39608,-247.0733356,-333.5589981,354.0831757,-38.07869911,12.2575289,-81.11595511,215.3661346,-284.971844,-304.3075132,132.0043182,-275.7592285,-304.8934364,216.6187286,-198.823936,-268.1960106,150.9560394,-188.1957364,-267.0763063,bad
160.141983,-269.9233425,-356.334064,354.6788025,-90.05800009,-56.80631161,-81.30230427,215.3661346,-284.971844,-304.3075132,132.0043182,-275.7592285,-304.8934364,216.6187286,-198.823936,-268.1960106,150.9560394,-188.1957364,-267.0763063,bad
308.6982727,-113.4316921,-686.2531757,397.1931458,121.0500669,-207.4602842,-254.6084118,215.3661346,-284.971844,-304.3075132,132.0043182,-275.7592285,-304.8934364,216.6187286,-198.823936,-268.1960106,150.9560394,-188.1957364,-267.0763063,bad
106.2419891,-197.0977521,-270.0843287,308.3469391,-68.91337395,-34.70502466,18.90664056,215.3661346,-284.971844,-304.3075132,132.0043182,-275.7592285,-304.8934364,216.6187286,-198.823936,-268.1960106,150.9560394,-188.1957364,-267.0763063,bad
115.7490921,-182.6823163,-315.7158923,294.0715408,-43.80489349,7.791772932,-4.541552849,215.3661346,-284.971844,-304.3075132,132.0043182,-275.7592285,-304.8934364,216.6187286,-198.823936,-268.1960106,150.9560394,-188.1957364,-267.0763063,bad
293.374176,-142.4358988,-330.5741501,386.6452026,106.7550087,-31.39153093,-164.2528689,215.3661346,-284.971844,-304.3075132,132.0043182,-275.7592285,-304.8934364,216.6187286,-198.823936,-268.1960106,150.9560394,-188.1957364,-267.0763063,bad
260.917244,-169.837904,-545.5985212,375.916481,64.11445141,-84.92627978,-149.8421645,336.5051651,-213.5976076,-516.8832636,201.9428635,-217.9434729,-517.3259354,293.2833481,-125.8390331,-454.5631886,207.542305,-127.3252344,-455.0708342,bad
148.9645767,-184.3769789,-536.9900894,368.7099838,-47.95253277,-155.205853,-123.7561905,336.5051651,-213.5976076,-516.8832636,201.9428635,-217.9434729,-517.3259354,293.2833481,-125.8390331,-454.5631886,207.542305,-127.3252344,-455.0708342,bad
185.1397705,-168.2611299,-396.4564562,369.0904999,26.2824297,-111.1288762,-113.5179305,336.5051651,-213.5976076,-516.8832636,201.9428635,-217.9434729,-517.3259354,293.2833481,-125.8390331,-454.5631886,207.542305,-127.3252344,-455.0708342,bad
299.3976593,-132.305131,-586.3392162,418.568573,138.3207464,-139.8500133,-228.330102,336.5051651,-213.5976076,-516.8832636,201.9428635,-217.9434729,-517.3259354,293.2833481,-125.8390331,-454.5631886,207.542305,-127.3252344,-455.0708342,bad
33.03451538,-273.1744266,-579.863205,365.5635834,-158.673842,-189.1836691,-144.4716525,336.5051651,-213.5976076,-516.8832636,201.9428635,-217.9434729,-517.3259354,293.2833481,-125.8390331,-454.5631886,207.542305,-127.3252344,-455.0708342,bad
39.53273773,-237.5775003,-469.7136354,364.9676895,-137.0877671,-204.3858719,12.3738429,336.5051651,-213.5976076,-516.8832636,201.9428635,-217.9434729,-517.3259354,293.2833481,-125.8390331,-454.5631886,207.542305,-127.3252344,-455.0708342,bad
174.7394943,-240.4260278,-490.5546999,391.4920425,-76.28283978,-142.509166,-114.925468,212.9872894,-285.6834233,-468.355794,117.4023819,-255.9140146,-458.1494951,208.0204773,-186.6980124,-413.2391453,140.6490326,-171.1324883,-397.001009,bad
47.83596039,-250.9786534,-286.2369776,280.1131058,-157.0640874,-183.2415247,88.36760223,212.9872894,-285.6834233,-468.355794,117.4023819,-255.9140146,-458.1494951,208.0204773,-186.6980124,-413.2391453,140.6490326,-171.1324883,-397.001009,bad
52.35778809,-239.7566986,-375.3055859,300.7173538,-77.19485521,-124.1859448,-53.80854607,212.9872894,-285.6834233,-468.355794,117.4023819,-255.9140146,-458.1494951,208.0204773,-186.6980124,-413.2391453,140.6490326,-171.1324883,-397.001009,bad
141.5011215,-238.6358035,-394.5877075,390.0730515,-60.364573,-125.7502198,-105.9353256,212.9872894,-285.6834233,-468.355794,117.4023819,-255.9140146,-458.1494951,208.0204773,-186.6980124,-413.2391453,140.6490326,-171.1324883,-397.001009,bad
140.3557968,-223.8725495,-443.8943052,398.9362717,-67.47116089,-145.9836137,-104.817971,212.9872894,-285.6834233,-468.355794,117.4023819,-255.9140146,-458.1494951,208.0204773,-186.6980124,-413.2391453,140.6490326,-171.1324883,-397.001009,bad
264.8667145,-126.620822,-365.4680157,378.2080841,101.3833809,-44.02218997,-132.0414805,212.9872894,-285.6834233,-468.355794,117.4023819,-255.9140146,-458.1494951,208.0204773,-186.6980124,-413.2391453,140.6490326,-171.1324883,-397.001009,bad
258.7091827,-144.2236233,-337.1845508,379.0991974,89.45334435,-48.96608591,-24.72176224,311.0733032,-180.7158923,-313.9292407,232.4362946,-187.1575069,-306.1177897,263.2568359,-93.61561775,-272.751174,216.1021423,-105.1095057,-261.1195278,bad
156.580925,-275.4145968,-406.2183666,413.9728928,-100.7669878,-142.4170589,-33.95052463,311.0733032,-180.7158923,-313.9292407,232.4362946,-187.1575069,-306.1177897,263.2568359,-93.61561775,-272.751174,216.1021423,-105.1095057,-261.1195278,bad
78.73329163,-262.1422541,-349.3853617,342.3892212,-146.2116981,-117.1321857,-16.74854055,311.0733032,-180.7158923,-313.9292407,232.4362946,-187.1575069,-306.1177897,263.2568359,-93.61561775,-272.751174,216.1021423,-105.1095057,-261.1195278,bad
208.6616898,-198.8894677,-361.9741488,367.3794174,46.95788383,-56.79507852,-123.5282564,311.0733032,-180.7158923,-313.9292407,232.4362946,-187.1575069,-306.1177897,263.2568359,-93.61561775,-272.751174,216.1021423,-105.1095057,-261.1195278,bad
223.0247498,-169.2114472,-428.7461758,413.1813812,23.5860157,-64.45428193,-113.3425999,311.0733032,-180.7158923,-313.9292407,232.4362946,-187.1575069,-306.1177897,263.2568359,-93.61561775,-272.751174,216.1021423,-105.1095057,-261.1195278,bad
303.0495834,-122.7377987,-497.8850269,373.1692886,92.51835823,-87.13241279,-111.4136839,311.0733032,-180.7158923,-313.9292407,232.4362946,-187.1575069,-306.1177897,263.2568359,-93.61561775,-272.751174,216.1021423,-105.1095057,-261.1195278,bad
287.5325394,-241.7868519,-687.4582815,370.1607132,-8.548951149,-231.6265154,-249.3479562,373.3755875,-295.7724452,-658.6676645,219.4862747,-291.5073252,-659.7844076,276.4205551,-182.2982454,-593.9266491,226.3979721,-175.9515381,-595.0858784,bad
319.7941589,-101.7373466,-664.6255589,355.7437897,105.6070662,-187.004621,-222.6610708,373.3755875,-295.7724452,-658.6676645,219.4862747,-291.5073252,-659.7844076,276.4205551,-182.2982454,-593.9266491,226.3979721,-175.9515381,-595.0858784,bad
381.3135529,-277.9611611,-500.2878141,419.3370819,70.10174274,-187.4207067,-200.7198501,373.3755875,-295.7724452,-658.6676645,219.4862747,-291.5073252,-659.7844076,276.4205551,-182.2982454,-593.9266491,226.3979721,-175.9515381,-595.0858784,bad
185.106926,-255.6430149,-421.7734623,370.5657578,-7.2524786,-98.72103095,-156.1768985,373.3755875,-295.7724452,-658.6676645,219.4862747,-291.5073252,-659.7844076,276.4205551,-182.2982454,-593.9266491,226.3979721,-175.9515381,-595.0858784,bad
54.94819641,-295.3057301,-442.2403049,362.9023361,-134.5008087,-195.6639504,-155.8701396,373.3755875,-295.7724452,-658.6676645,219.4862747,-291.5073252,-659.7844076,276.4205551,-182.2982454,-593.9266491,226.3979721,-175.9515381,-595.0858784,bad
126.0816574,-285.6932831,-434.8633718,430.3918839,-25.33284187,-186.5184331,-169.2087865,373.3755875,-295.7724452,-658.6676645,219.4862747,-291.5073252,-659.7844076,276.4205551,-182.2982454,-593.9266491,226.3979721,-175.9515381,-595.0858784,bad
164.6148682,-293.0708599,-403.5018253,455.0946426,3.740029335,-182.5254607,-169.092443,185.2246475,-344.93047,-381.1066675,54.29950714,-329.3542492,-382.0187044,219.9380875,-242.4353671,-343.6276245,144.2016602,-216.3735008,-342.1620226,bad
168.1329727,-191.2985802,-343.1122971,431.9279861,21.49917126,-93.15971732,-140.8541679,185.2246475,-344.93047,-381.1066675,54.29950714,-329.3542492,-382.0187044,219.9380875,-242.4353671,-343.6276245,144.2016602,-216.3735008,-342.1620226,bad
210.273819,-255.8220363,-744.9806786,502.5153351,-17.05468655,-378.5264683,-405.9419918,185.2246475,-344.93047,-381.1066675,54.29950714,-329.3542492,-382.0187044,219.9380875,-242.4353671,-343.6276245,144.2016602,-216.3735008,-342.1620226,bad
77.02983856,-250.8676958,-602.2102118,446.2837601,-109.9132347,-263.7990117,-117.8318453,185.2246475,-344.93047,-381.1066675,54.29950714,-329.3542492,-382.0187044,219.9380875,-242.4353671,-343.6276245,144.2016602,-216.3735008,-342.1620226,bad
168.7460327,-249.3580198,-593.3381939,475.7458878,-101.9666862,-256.036377,-250.7665014,185.2246475,-344.93047,-381.1066675,54.29950714,-329.3542492,-382.0187044,219.9380875,-242.4353671,-343.6276245,144.2016602,-216.3735008,-342.1620226,bad
165.6109619,-247.3005724,-370.9122562,411.2150192,-66.03409767,-130.5438638,-159.65729,185.2246475,-344.93047,-381.1066675,54.29950714,-329.3542492,-382.0187044,219.9380875,-242.4353671,-343.6276245,144.2016602,-216.3735008,-342.1620226,bad
205.2088165,-219.1598868,-517.0394325,414.9708557,-26.58751488,-133.3079338,-239.1492319,249.028244,-267.8140855,-494.2356777,151.0906219,-260.2793097,-500.8591032,235.405426,-174.3186522,-438.8803768,169.7937012,-167.450695,-445.8371258,bad
252.1141434,-115.7708788,-466.4347744,370.7194901,133.4074116,-103.3243239,-233.1355906,249.028244,-267.8140855,-494.2356777,151.0906219,-260.2793097,-500.8591032,235.405426,-174.3186522,-438.8803768,169.7937012,-167.450695,-445.8371258,bad
134.1789246,-229.9461436,-474.9242878,357.5268936,-65.63271046,-131.900847,-150.5052495,249.028244,-267.8140855,-494.2356777,151.0906219,-260.2793097,-500.8591032,235.405426,-174.3186522,-438.8803768,169.7937012,-167.450695,-445.8371258,bad
-7.292480469,-266.4255971,-618.8425684,323.8645172,-205.0392795,-327.2234488,-217.2919106,249.028244,-267.8140855,-494.2356777,151.0906219,-260.2793097,-500.8591032,235.405426,-174.3186522,-438.8803768,169.7937012,-167.450695,-445.8371258,bad
241.5732574,-96.84461117,-465.2991486,324.7415924,106.990056,-145.5345368,-214.2100954,249.028244,-267.8140855,-494.2356777,151.0906219,-260.2793097,-500.8591032,235.405426,-174.3186522,-438.8803768,169.7937012,-167.450695,-445.8371258,bad
244.4921112,-149.864974,-699.8389721,434.7531891,20.96822262,-347.0103407,-394.9087572,249.028244,-267.8140855,-494.2356777,151.0906219,-260.2793097,-500.8591032,235.405426,-174.3186522,-438.8803768,169.7937012,-167.450695,-445.8371258,bad
190.872879,-150.1904011,-355.4683757,387.8138733,25.73585987,-127.0795226,-167.4079192,229.6463776,-174.819839,-336.6437101,149.9134064,-197.8370547,-337.8298903,219.0254211,-88.75940323,-301.2249255,162.6988983,-113.0093193,-300.5346537,bad
255.9796143,-73.8714695,-329.469552,312.0566559,140.5326462,36.55357897,-135.5362916,229.6463776,-174.819839,-336.6437101,149.9134064,-197.8370547,-337.8298903,219.0254211,-88.75940323,-301.2249255,162.6988983,-113.0093193,-300.5346537,bad
59.47731018,-212.9998827,-405.3317356,364.5124817,-112.0429301,-70.78307748,-162.7670002,229.6463776,-174.819839,-336.6437101,149.9134064,-197.8370547,-337.8298903,219.0254211,-88.75940323,-301.2249255,162.6988983,-113.0093193,-300.5346537,bad
246.1954498,-53.70580673,-299.4911456,275.2861786,106.1960793,9.013714939,-99.63153362,229.6463776,-174.819839,-336.6437101,149.9134064,-197.8370547,-337.8298903,219.0254211,-88.75940323,-301.2249255,162.6988983,-113.0093193,-300.5346537,bad
40.3597641,-236.6595089,-617.1652222,315.4544449,-153.9642262,-224.645133,-308.6136818,229.6463776,-174.819839,-336.6437101,149.9134064,-197.8370547,-337.8298903,219.0254211,-88.75940323,-301.2249255,162.6988983,-113.0093193,-300.5346537,bad
197.2182465,-199.9408507,-451.6900921,380.1452637,-82.6566267,-197.6068997,-270.2197266,229.6463776,-174.819839,-336.6437101,149.9134064,-197.8370547,-337.8298903,219.0254211,-88.75940323,-301.2249255,162.6988983,-113.0093193,-300.5346537,bad
188.6980438,-190.3003907,-394.4619226,372.4104309,-43.72386932,-178.3226752,-197.1208191,228.1583405,-232.573657,-372.1729803,144.8981476,-219.512372,-374.3938065,216.985321,-152.5923085,-338.910327,162.6380157,-145.609467,-339.4754148,bad
324.7094345,-63.34699631,-440.5848885,327.6031113,134.5266008,-23.83097649,-292.7386522,228.1583405,-232.573657,-372.1729803,144.8981476,-219.512372,-374.3938065,216.985321,-152.5923085,-338.910327,162.6380157,-145.609467,-339.4754148,bad
29.94602203,-218.7080526,-441.8439817,307.2798157,-145.293932,-170.0321066,-156.6051614,228.1583405,-232.573657,-372.1729803,144.8981476,-219.512372,-374.3938065,216.985321,-152.5923085,-338.910327,162.6380157,-145.609467,-339.4754148,bad
260.2064896,-125.4973412,-349.0604711,308.2450485,82.04465389,-98.4356761,-149.7629964,228.1583405,-232.573657,-372.1729803,144.8981476,-219.512372,-374.3938065,216.985321,-152.5923085,-338.910327,162.6380157,-145.609467,-339.4754148,bad
310.7054138,-99.486866,-387.8586674,333.4298706,119.9868822,-101.1202776,-212.9381061,228.1583405,-232.573657,-372.1729803,144.8981476,-219.512372,-374.3938065,216.985321,-152.5923085,-338.910327,162.6380157,-145.609467,-339.4754148,bad
46.55895233,-241.189363,-716.9321537,373.2095337,-148.2488894,-327.7862406,-408.9678669,228.1583405,-232.573657,-372.1729803,144.8981476,-219.512372,-374.3938065,216.985321,-152.5923085,-338.910327,162.6380157,-145.609467,-339.4754148,bad
211.5308762,-224.7610903,-404.7355127,416.5884018,-79.12960768,-120.7703018,-115.171963,243.898201,-267.0479715,-362.2652006,157.1880722,-252.6242852,-364.1648912,241.9066238,-187.0542526,-335.6243634,186.8388748,-176.4399576,-336.3082194,bad
298.0076599,-138.3392859,-377.8652287,366.2251282,75.3711462,-61.79198027,-201.717782,243.898201,-267.0479715,-362.2652006,157.1880722,-252.6242852,-364.1648912,241.9066238,-187.0542526,-335.6243634,186.8388748,-176.4399576,-336.3082194,bad
193.2976913,-300.8631277,-578.0456543,398.5226059,-113.9854932,-219.7191596,-250.425539,243.898201,-267.0479715,-362.2652006,157.1880722,-252.6242852,-364.1648912,241.9066238,-187.0542526,-335.6243634,186.8388748,-176.4399576,-336.3082194,bad
128.6624146,-292.5907391,-528.6824083,381.1219788,-110.1052809,-179.8329413,-129.1763771,243.898201,-267.0479715,-362.2652006,157.1880722,-252.6242852,-364.1648912,241.9066238,-187.0542526,-335.6243634,186.8388748,-176.4399576,-336.3082194,bad
137.513504,-241.1531639,-462.3689318,380.4408264,-55.34096718,-165.5410266,-110.0537932,243.898201,-267.0479715,-362.2652006,157.1880722,-252.6242852,-364.1648912,241.9066238,-187.0542526,-335.6243634,186.8388748,-176.4399576,-336.3082194,bad
263.4410858,-243.8859057,-390.5798006,374.0403748,77.48738766,-87.14007854,-142.8278232,243.898201,-267.0479715,-362.2652006,157.1880722,-252.6242852,-364.1648912,241.9066238,-187.0542526,-335.6243634,186.8388748,-176.4399576,-336.3082194,bad
223.6624908,-245.4553199,-399.769392,405.1739502,34.79696274,-102.2729945,-119.2807317,263.2777405,-283.685081,-365.5519581,179.4451141,-292.3087907,-370.174284,253.8704681,-194.1538239,-335.0243425,194.9196625,-194.5404267,-339.2543793,bad
313.7732697,-147.3773432,-391.6361618,374.7441101,53.70087147,1.129752975,-232.0013165,263.2777405,-283.685081,-365.5519581,179.4451141,-292.3087907,-370.174284,253.8704681,-194.1538239,-335.0243425,194.9196625,-194.5404267,-339.2543793,bad
307.7519989,-197.3759508,-372.4639034,380.8101654,85.1181221,-2.921037264,-251.3464594,263.2777405,-283.685081,-365.5519581,179.4451141,-292.3087907,-370.174284,253.8704681,-194.1538239,-335.0243425,194.9196625,-194.5404267,-339.2543793,bad
7.039680481,-223.5985672,-389.6279812,303.5961914,-98.02152157,-241.1856079,67.96623766,263.2777405,-283.685081,-365.5519581,179.4451141,-292.3087907,-370.174284,253.8704681,-194.1538239,-335.0243425,194.9196625,-194.5404267,-339.2543793,bad
299.0017319,-51.57570362,-253.1923127,272.0837021,128.9321995,187.0059729,-110.4805112,263.2777405,-283.685081,-365.5519581,179.4451141,-292.3087907,-370.174284,253.8704681,-194.1538239,-335.0243425,194.9196625,-194.5404267,-339.2543793,bad
322.0660019,-160.6578398,-313.953166,380.1205826,86.05865479,15.50586641,-210.9490442,263.2777405,-283.685081,-365.5519581,179.4451141,-292.3087907,-370.174284,253.8704681,-194.1538239,-335.0243425,194.9196625,-194.5404267,-339.2543793,bad
190.8154297,-269.6094489,-529.4113255,379.1326904,11.16678715,-94.64370847,-148.1420195,221.7063141,-300.4005861,-489.0624905,155.4148102,-294.0186453,-486.8094349,215.3289795,-223.6592817,-436.1271429,169.5735931,-220.5163765,-438.1460094,bad
206.9287872,-121.4913654,-265.1715302,270.997467,70.7815218,103.9949727,-148.5808504,221.7063141,-300.4005861,-489.0624905,155.4148102,-294.0186453,-486.8094349,215.3289795,-223.6592817,-436.1271429,169.5735931,-220.5163765,-438.1460094,bad
271.3298798,-111.4292192,-252.1549845,279.0525818,84.80672836,94.69251394,-161.5591264,221.7063141,-300.4005861,-489.0624905,155.4148102,-294.0186453,-486.8094349,215.3289795,-223.6592817,-436.1271429,169.5735931,-220.5163765,-438.1460094,bad
309.2086411,-105.9396601,-248.4552097,295.2859879,113.4761953,37.44214386,-145.7273233,221.7063141,-300.4005861,-489.0624905,155.4148102,-294.0186453,-486.8094349,215.3289795,-223.6592817,-436.1271429,169.5735931,-220.5163765,-438.1460094,bad
304.2613983,-184.0415525,-456.654067,380.2393341,95.9046793,-100.2749527,-200.9808397,221.7063141,-300.4005861,-489.0624905,155.4148102,-294.0186453,-486.8094349,215.3289795,-223.6592817,-436.1271429,169.5735931,-220.5163765,-438.1460094,bad
-79.86717224,-164.3348157,-82.71490574,175.163002,-84.79220152,-227.4636841,262.5124311,221.7063141,-300.4005861,-489.0624905,155.4148102,-294.0186453,-486.8094349,215.3289795,-223.6592817,-436.1271429,169.5735931,-220.5163765,-438.1460094,bad
132.9403305,-77.57637262,-244.7052455,221.4987183,105.2758241,-137.2333038,-60.72274446,162.2887421,-113.1250834,-240.5803728,99.64653015,-105.0560331,-190.5056334,157.1274567,-43.57270002,-233.5630703,111.3946915,-39.39856052,-165.2734923,bad
163.1206894,-137.8887391,-359.2885709,309.2987442,92.43535995,-112.3385203,-147.6340842,162.2887421,-113.1250834,-240.5803728,99.64653015,-105.0560331,-190.5056334,157.1274567,-43.57270002,-233.5630703,111.3946915,-39.39856052,-165.2734923,bad
125.4738617,-236.8453431,-381.2554121,360.5981445,-43.37921619,-194.4492531,-149.1388679,162.2887421,-113.1250834,-240.5803728,99.64653015,-105.0560331,-190.5056334,157.1274567,-43.57270002,-233.5630703,111.3946915,-39.39856052,-165.2734923,bad
162.622757,-231.5820765,-340.4861569,352.2862244,0.645017624,-81.23913288,-146.3373113,162.2887421,-113.1250834,-240.5803728,99.64653015,-105.0560331,-190.5056334,157.1274567,-43.57270002,-233.5630703,111.3946915,-39.39856052,-165.2734923,bad
315.6588364,-93.13492298,-345.7683706,315.0194931,104.2362213,-22.87590086,-157.1001363,162.2887421,-113.1250834,-240.5803728,99.64653015,-105.0560331,-190.5056334,157.1274567,-43.57270002,-233.5630703,111.3946915,-39.39856052,-165.2734923,bad
199.0030289,-191.3917494,-472.14715,347.0827866,-1.628465652,-130.1867545,-156.6725707,162.2887421,-113.1250834,-240.5803728,99.64653015,-105.0560331,-190.5056334,157.1274567,-43.57270002,-233.5630703,111.3946915,-39.39856052,-165.2734923,bad
175.9198761,-209.6469498,-432.6382113,329.0270996,-23.65287781,-56.63747191,-201.0723782,207.8909302,-239.7153282,-399.6053696,135.0669479,-235.6902981,-407.8858852,206.7094421,-168.139143,-362.6937962,147.8436279,-166.470809,-369.9755001,bad
176.172905,-213.9582253,-606.882019,352.4017715,-33.64451408,-174.4337726,-263.7451315,207.8909302,-239.7153282,-399.6053696,135.0669479,-235.6902981,-407.8858852,206.7094421,-168.139143,-362.6937962,147.8436279,-166.470809,-369.9755001,bad
225.9098816,-170.035615,-504.8550367,350.1589966,15.18404961,-93.9475143,-248.4008789,207.8909302,-239.7153282,-399.6053696,135.0669479,-235.6902981,-407.8858852,206.7094421,-168.139143,-362.6937962,147.8436279,-166.470809,-369.9755001,bad
243.8228226,-114.5369339,-442.3270798,281.3007736,50.7558918,1.765648238,-178.8952088,207.8909302,-239.7153282,-399.6053696,135.0669479,-235.6902981,-407.8858852,206.7094421,-168.139143,-362.6937962,147.8436279,-166.470809,-369.9755001,bad
235.0712967,-149.8518848,-339.9714088,273.4332657,43.58799934,1.736980788,-180.0614762,207.8909302,-239.7153282,-399.6053696,135.0669479,-235.6902981,-407.8858852,206.7094421,-168.139143,-362.6937962,147.8436279,-166.470809,-369.9755001,bad
-8.932113647,-186.7450476,-237.5429106,226.8444061,-95.32201767,-161.2800479,124.8473024,207.8909302,-239.7153282,-399.6053696,135.0669479,-235.6902981,-407.8858852,206.7094421,-168.139143,-362.6937962,147.8436279,-166.470809,-369.9755001,bad
-13.08864594,-187.9589295,-469.6324825,286.4102173,-92.83631802,-155.0158668,-81.22738481,9.342651367,-226.8018222,-439.3117619,-49.12948608,-200.4786015,-438.2519245,45.69156647,-160.7851696,-398.1645298,9.720001221,-141.6178465,-395.7358646,bad
94.33795929,-190.0971651,-518.8288307,348.8579941,-79.71117496,-160.5213261,-120.5299759,9.342651367,-226.8018222,-439.3117619,-49.12948608,-200.4786015,-438.2519245,45.69156647,-160.7851696,-398.1645298,9.720001221,-141.6178465,-395.7358646,bad
-18.03520203,-274.5709133,-560.2381039,242.3280334,-186.5093565,-138.4334528,-369.9999189,9.342651367,-226.8018222,-439.3117619,-49.12948608,-200.4786015,-438.2519245,45.69156647,-160.7851696,-398.1645298,9.720001221,-141.6178465,-395.7358646,bad
278.6050415,-85.84034443,-329.926064,281.3286591,28.02762508,-51.95347667,-185.6322742,9.342651367,-226.8018222,-439.3117619,-49.12948608,-200.4786015,-438.2519245,45.69156647,-160.7851696,-398.1645298,9.720001221,-141.6178465,-395.7358646,bad
206.2633896,-150.7332802,-451.1776829,286.363945,12.95082092,-117.4681163,-201.4655042,9.342651367,-226.8018222,-439.3117619,-49.12948608,-200.4786015,-438.2519245,45.69156647,-160.7851696,-398.1645298,9.720001221,-141.6178465,-395.7358646,bad
243.8542557,-144.0135098,-527.7406311,312.0881271,50.29146194,-138.6314964,-195.4134107,9.342651367,-226.8018222,-439.3117619,-49.12948608,-200.4786015,-438.2519245,45.69156647,-160.7851696,-398.1645298,9.720001221,-141.6178465,-395.7358646,bad
